[
  {
    "_id": "mj06wuslklpnx3tt3",
    "username": "asa",
    "email": "asa123@gmail.com",
    "password": "$2b$10$pSpJjc16gSfsABGdWObRcORII6uCtY95QpQyJRQyZ6q8RreReldle",
    "createdAt": "2025-12-10T15:54:45.093Z",
    "updatedAt": "2025-12-10T15:54:45.093Z"
  },
  {
    "_id": "mj074gl4kqsxgj9pkd9",
    "username": "asa",
    "email": "asa123@gmail.com",
    "password": "$2b$10$4RipvFlnRDp/9016xjpxreOBJ1A5ieVviyUVTXQCAzCp.qtfb2kiC",
    "createdAt": "2025-12-10T16:00:39.928Z",
    "updatedAt": "2025-12-10T16:00:39.928Z"
  }
]